cluster_label,BALANCE,BALANCE_FREQUENCY,PURCHASES,ONEOFF_PURCHASES,INSTALLMENTS_PURCHASES,CASH_ADVANCE,PURCHASES_FREQUENCY,ONEOFF_PURCHASES_FREQUENCY,PURCHASES_INSTALLMENTS_FREQUENCY,CASH_ADVANCE_FREQUENCY,CASH_ADVANCE_TRX,PURCHASES_TRX,CREDIT_LIMIT,PAYMENTS,MINIMUM_PAYMENTS,PRC_FULL_PAYMENT,TENURE,Average_purchase_amt,Cash_advance_per_trx,Payment_to_Crlimit,Utilization,Oneoff_ratio,Installment_ratio
0,3101.194768615491,0.9855571701244813,5732.97468879668,3735.3664868603046,1998.4380774550484,1115.891257549101,0.953403694329184,0.7176119612724757,0.8018960802213001,0.10976988381742737,3.26417704011065,72.22821576763485,8862.240663900415,5967.568057396957,1621.5631842867792,0.2725755670816044,11.910096818810512,120.26267063460523,153.75022356811328,0.807760818055034,0.3607264730713966,0.6138101864429332,0.38633723140701426
1,976.3894555406404,0.8378464675697865,918.5128489326764,816.712183908046,101.97631362889983,243.79390738587853,0.45425208374384235,0.3820343464696223,0.14396011617405582,0.057889079228243025,1.0492610837438423,10.830870279146142,4269.175872020525,1220.527193631363,454.97023984522406,0.1242716736453202,11.584975369458128,142.64562333540536,88.95972609085524,0.42822932826514726,0.31950490880122534,0.8986690335871682,0.08451975645259797
2,652.2678682034176,0.8485435412421952,722.739421623398,119.5161222477818,603.7284193230365,182.53365988958265,0.7547795083798884,0.07558903154781466,0.7070891169898127,0.03480242293789024,0.674663161353927,15.398948406178114,3449.308082467631,957.8628412665133,653.7572327543515,0.25756782484390406,11.542885310548801,52.72350036560274,63.868522016001954,0.379617692295216,0.2570399216624567,0.09796879635402746,0.9035246730535587
3,2691.6121009352255,0.9155397267103349,144.45021834061137,90.40977438136827,54.08471979621543,2476.2646258813684,0.10770539192139739,0.04822042540029112,0.0653509152110626,0.32141753893740904,8.045123726346434,2.252183406113537,4701.772639054586,1931.9886828471617,1191.468826968372,0.033540495269286756,11.325691411935953,24.115848886218274,490.3499193781106,0.5435396862595561,0.60379071613247,0.17009114637634903,0.10200784752012516
